-- phpMyAdmin SQL Dump
-- version 5.0.3
-- https://www.phpmyadmin.net/
--
-- Host: 127.0.0.1
-- Generation Time: Nov 06, 2021 at 06:49 PM
-- Server version: 10.4.14-MariaDB
-- PHP Version: 7.2.34

SET SQL_MODE = "NO_AUTO_VALUE_ON_ZERO";
START TRANSACTION;
SET time_zone = "+00:00";


/*!40101 SET @OLD_CHARACTER_SET_CLIENT=@@CHARACTER_SET_CLIENT */;
/*!40101 SET @OLD_CHARACTER_SET_RESULTS=@@CHARACTER_SET_RESULTS */;
/*!40101 SET @OLD_COLLATION_CONNECTION=@@COLLATION_CONNECTION */;
/*!40101 SET NAMES utf8mb4 */;

--
-- Database: `uts_warehouse`
--

-- --------------------------------------------------------

--
-- Table structure for table `dimensi_customer`
--

CREATE TABLE `dimensi_customer` (
  `id` int(10) NOT NULL,
  `nama` varchar(50) NOT NULL,
  `country` varchar(20) NOT NULL,
  `city` varchar(50) NOT NULL,
  `address` varchar(100) NOT NULL,
  `customer_id` int(10) NOT NULL
) ENGINE=InnoDB DEFAULT CHARSET=utf8mb4;

--
-- Dumping data for table `dimensi_customer`
--

INSERT INTO `dimensi_customer` (`id`, `nama`, `country`, `city`, `address`, `customer_id`) VALUES
(1, 'Atelier graphique', 'France', 'Nantes', '54, rue Royale', 103),
(2, 'Signal Gift Stores', 'USA', 'Las Vegas', '8489 Strong St.', 112),
(3, 'Australian Collectors, Co.', 'Australia', 'Melbourne', '636 St Kilda Road', 114),
(4, 'La Rochelle Gifts', 'France', 'Nantes', '67, rue des Cinquante Otages', 119),
(5, 'Baane Mini Imports', 'Norway', 'Stavern', 'Erling Skakkes gate 78', 121),
(6, 'Mini Gifts Distributors Ltd.', 'USA', 'San Rafael', '5677 Strong St.', 124),
(7, 'Havel & Zbyszek Co', 'Poland', 'Warszawa', 'ul. Filtrowa 68', 125),
(8, 'Blauer See Auto, Co.', 'Germany', 'Frankfurt', 'Lyonerstr. 34', 128),
(9, 'Mini Wheels Co.', 'USA', 'San Francisco', '5557 North Pendale Street', 129),
(10, 'Land of Toys Inc.', 'USA', 'NYC', '897 Long Airport Avenue', 131),
(11, 'Euro+ Shopping Channel', 'Spain', 'Madrid', 'C/ Moralzarzal, 86', 141),
(12, 'Volvo Model Replicas, Co', 'Sweden', 'Luleå', 'Berguvsvägen  8', 144),
(13, 'Danish Wholesale Imports', 'Denmark', 'Kobenhavn', 'Vinbæltet 34', 145),
(14, 'Saveley & Henriot, Co.', 'France', 'Lyon', '2, rue du Commerce', 146),
(15, 'Dragon Souveniers, Ltd.', 'Singapore', 'Singapore', 'Bronz Sok.', 148),
(16, 'Muscle Machine Inc', 'USA', 'NYC', '4092 Furth Circle', 151),
(17, 'Diecast Classics Inc.', 'USA', 'Allentown', '7586 Pompton St.', 157),
(18, 'Technics Stores Inc.', 'USA', 'Burlingame', '9408 Furth Circle', 161),
(19, 'Handji Gifts& Co', 'Singapore', 'Singapore', '106 Linden Road Sandown', 166),
(20, 'Herkku Gifts', 'Norway  ', 'Bergen', 'Brehmen St. 121', 167),
(21, 'American Souvenirs Inc', 'USA', 'New Haven', '149 Spinnaker Dr.', 168),
(22, 'Porto Imports Co.', 'Portugal', 'Lisboa', 'Estrada da saúde n. 58', 169),
(23, 'Daedalus Designs Imports', 'France', 'Lille', '184, chaussée de Tournai', 171),
(24, 'La Corne D\'abondance, Co.', 'France', 'Paris', '265, boulevard Charonne', 172),
(25, 'Cambridge Collectables Co.', 'USA', 'Cambridge', '4658 Baden Av.', 173),
(26, 'Gift Depot Inc.', 'USA', 'Bridgewater', '25593 South Bay Ln.', 175),
(27, 'Osaka Souveniers Co.', 'Japan', 'Kita-ku', '1-6-20 Dojima', 177),
(28, 'Vitachrome Inc.', 'USA', 'NYC', '2678 Kingston Rd.', 181),
(29, 'Toys of Finland, Co.', 'Finland', 'Helsinki', 'Keskuskatu 45', 186),
(30, 'AV Stores, Co.', 'UK', 'Manchester', 'Fauntleroy Circus', 187),
(31, 'Clover Collections, Co.', 'Ireland', 'Dublin', '25 Maiden Lane', 189),
(32, 'Auto-Moto Classics Inc.', 'USA', 'Brickhaven', '16780 Pompton St.', 198),
(33, 'UK Collectables, Ltd.', 'UK', 'Liverpool', '12, Berkeley Gardens Blvd', 201),
(34, 'Canadian Gift Exchange Network', 'Canada', 'Vancouver', '1900 Oak St.', 202),
(35, 'Online Mini Collectables', 'USA', 'Brickhaven', '7635 Spinnaker Dr.', 204),
(36, 'Toys4GrownUps.com', 'USA', 'Pasadena', '78934 Hillside Dr.', 205),
(37, 'Asian Shopping Network, Co', 'Singapore', 'Singapore', 'Suntec Tower Three', 206),
(38, 'Mini Caravy', 'France', 'Strasbourg', '24, place Kléber', 209),
(39, 'King Kong Collectables, Co.', 'Hong Kong', 'Central Hong Kong', 'Bank of China Tower', 211),
(40, 'Enaco Distributors', 'Spain', 'Barcelona', 'Rambla de Cataluña, 23', 216),
(41, 'Boards & Toys Co.', 'USA', 'Glendale', '4097 Douglas Av.', 219),
(42, 'Natürlich Autos', 'Germany', 'Cunewalde', 'Taucherstraße 10', 223),
(43, 'Heintze Collectables', 'Denmark', 'Århus', 'Smagsloget 45', 227),
(44, 'Québec Home Shopping Network', 'Canada', 'Montréal', '43 rue St. Laurent', 233),
(45, 'ANG Resellers', 'Spain', 'Madrid', 'Gran Vía, 1', 237),
(46, 'Collectable Mini Designs Co.', 'USA', 'San Diego', '361 Furth Circle', 239),
(47, 'giftsbymail.co.uk', 'UK', 'Cowes', 'Garden House', 240),
(48, 'Alpha Cognac', 'France', 'Toulouse', '1 rue Alsace-Lorraine', 242),
(49, 'Messner Shopping Network', 'Germany', 'Frankfurt', 'Magazinweg 7', 247),
(50, 'Amica Models & Co.', 'Italy', 'Torino', 'Via Monte Bianco 34', 249),
(51, 'Lyon Souveniers', 'France', 'Paris', '27 rue du Colonel Pierre Avia', 250),
(52, 'Auto Associés & Cie.', 'France', 'Versailles', '67, avenue de l\'Europe', 256),
(53, 'Toms Spezialitäten, Ltd', 'Germany', 'Köln', 'Mehrheimerstr. 369', 259),
(54, 'Royal Canadian Collectables, Ltd.', 'Canada', 'Tsawassen', '23 Tsawassen Blvd.', 260),
(55, 'Franken Gifts, Co', 'Germany', 'München', 'Berliner Platz 43', 273),
(56, 'Anna\'s Decorations, Ltd', 'Australia', 'North Sydney', '201 Miller Street', 276),
(57, 'Rovelli Gifts', 'Italy', 'Bergamo', 'Via Ludovico il Moro 22', 278),
(58, 'Souveniers And Things Co.', 'Australia', 'Chatswood', 'Monitor Money Building', 282),
(59, 'Marta\'s Replicas Co.', 'USA', 'Cambridge', '39323 Spinnaker Dr.', 286),
(60, 'BG&E Collectables', 'Switzerland', 'Fribourg', 'Rte des Arsenaux 41 ', 293),
(61, 'Vida Sport, Ltd', 'Switzerland', 'Genève', 'Grenzacherweg 237', 298),
(62, 'Norway Gifts By Mail, Co.', 'Norway  ', 'Oslo', 'Drammensveien 126A', 299),
(63, 'Schuyler Imports', 'Netherlands', 'Amsterdam', 'Kingsfordweg 151', 303),
(64, 'Der Hund Imports', 'Germany', 'Berlin', 'Obere Str. 57', 307),
(65, 'Oulu Toy Supplies, Inc.', 'Finland', 'Oulu', 'Torikatu 38', 311),
(66, 'Petit Auto', 'Belgium', 'Bruxelles', 'Rue Joseph-Bens 532', 314),
(67, 'Mini Classics', 'USA', 'White Plains', '3758 North Pendale Street', 319),
(68, 'Mini Creations Ltd.', 'USA', 'New Bedford', '4575 Hillside Dr.', 320),
(69, 'Corporate Gift Ideas Co.', 'USA', 'San Francisco', '7734 Strong St.', 321),
(70, 'Down Under Souveniers, Inc', 'New Zealand', 'Auckland  ', '162-164 Grafton Road', 323),
(71, 'Stylish Desk Decors, Co.', 'UK', 'London', '35 King George', 324),
(72, 'Tekni Collectables Inc.', 'USA', 'Newark', '7476 Moss Rd.', 328),
(73, 'Australian Gift Network, Co', 'Australia', 'South Brisbane', '31 Duncan St. West End', 333),
(74, 'Suominen Souveniers', 'Finland', 'Espoo', 'Software Engineering Center', 334),
(75, 'Cramer Spezialitäten, Ltd', 'Germany', 'Brandenburg', 'Maubelstr. 90', 335),
(76, 'Classic Gift Ideas, Inc', 'USA', 'Philadelphia', '782 First Street', 339),
(77, 'CAF Imports', 'Spain', 'Madrid', 'Merchants House', 344),
(78, 'Men \'R\' US Retailers, Ltd.', 'USA', 'Los Angeles', '6047 Douglas Av.', 347),
(79, 'Asian Treasures, Inc.', 'Ireland', 'Cork', '8 Johnstown Road', 348),
(80, 'Marseille Mini Autos', 'France', 'Marseille', '12, rue des Bouchers', 350),
(81, 'Reims Collectables', 'France', 'Reims', '59 rue de l\'Abbaye', 353),
(82, 'SAR Distributors, Co', 'South Africa', 'Hatfield', '1250 Pretorius Street', 356),
(83, 'GiftsForHim.com', 'New Zealand', 'Auckland', '199 Great North Road', 357),
(84, 'Kommission Auto', 'Germany', 'Münster', 'Luisenstr. 48', 361),
(85, 'Gifts4AllAges.com', 'USA', 'Boston', '8616 Spinnaker Dr.', 362),
(86, 'Online Diecast Creations Co.', 'USA', 'Nashua', '2304 Long Airport Avenue', 363),
(87, 'Lisboa Souveniers, Inc', 'Portugal', 'Lisboa', 'Jardim das rosas n. 32', 369),
(88, 'Precious Collectables', 'Switzerland', 'Bern', 'Hauptstr. 29', 376),
(89, 'Collectables For Less Inc.', 'USA', 'Brickhaven', '7825 Douglas Av.', 379),
(90, 'Royale Belge', 'Belgium', 'Charleroi', 'Boulevard Tirou, 255', 381),
(91, 'Salzburg Collectables', 'Austria', 'Salzburg', 'Geislweg 14', 382),
(92, 'Cruz & Sons Co.', 'Philippines', 'Makati City', '15 McCallum Street', 385),
(93, 'L\'ordine Souveniers', 'Italy', 'Reggio Emilia', 'Strada Provinciale 124', 386),
(94, 'Tokyo Collectables, Ltd', 'Japan', 'Minato-ku', '2-2-8 Roppongi', 398),
(95, 'Auto Canal+ Petit', 'France', 'Paris', '25, rue Lauriston', 406),
(96, 'Stuttgart Collectable Exchange', 'Germany', 'Stuttgart', 'Adenauerallee 900', 409),
(97, 'Extreme Desk Decorations, Ltd', 'New Zealand', 'Wellington', '101 Lambton Quay', 412),
(98, 'Bavarian Collectables Imports, Co.', 'Germany', 'Munich', 'Hansastr. 15', 415),
(99, 'Classic Legends Inc.', 'USA', 'NYC', '5905 Pompton St.', 424),
(100, 'Feuer Online Stores, Inc', 'Germany', 'Leipzig', 'Heerstr. 22', 443),
(101, 'Gift Ideas Corp.', 'USA', 'Glendale', '2440 Pompton St.', 447),
(102, 'Scandinavian Gift Ideas', 'Sweden', 'Bräcke', 'Åkergatan 24', 448),
(103, 'The Sharp Gifts Warehouse', 'USA', 'San Jose', '3086 Ingle Ln.', 450),
(104, 'Mini Auto Werke', 'Austria', 'Graz', 'Kirchgasse 6', 452),
(105, 'Super Scale Inc.', 'USA', 'New Haven', '567 North Pendale Street', 455),
(106, 'Microscale Inc.', 'USA', 'NYC', '5290 North Pendale Street', 456),
(107, 'Corrida Auto Replicas, Ltd', 'Spain', 'Madrid', 'C/ Araquil, 67', 458),
(108, 'Warburg Exchange', 'Germany', 'Aachen', 'Walserweg 21', 459),
(109, 'FunGiftIdeas.com', 'USA', 'New Bedford', '1785 First Street', 462),
(110, 'Anton Designs, Ltd.', 'Spain', 'Madrid', 'c/ Gobelas, 19-1 Urb. La Florida', 465),
(111, 'Australian Collectables, Ltd', 'Australia', 'Glen Waverly', '7 Allen Street', 471),
(112, 'Frau da Collezione', 'Italy', 'Milan', '20093 Cologno Monzese', 473),
(113, 'West Coast Collectables Co.', 'USA', 'Burbank', '3675 Furth Circle', 475),
(114, 'Mit Vergnügen & Co.', 'Germany', 'Mannheim', 'Forsterstr. 57', 477),
(115, 'Kremlin Collectables, Co.', 'Russia', 'Saint Petersburg', '2 Pobedy Square', 480),
(116, 'Raanan Stores, Inc', 'Israel', 'Herzlia', '3 Hagalim Blv.', 481),
(117, 'Iberia Gift Imports, Corp.', 'Spain', 'Sevilla', 'C/ Romero, 33', 484),
(118, 'Motor Mint Distributors Inc.', 'USA', 'Philadelphia', '11328 Douglas Av.', 486),
(119, 'Signal Collectibles Ltd.', 'USA', 'Brisbane', '2793 Furth Circle', 487),
(120, 'Double Decker Gift Stores, Ltd', 'UK', 'London', '120 Hanover Sq.', 489),
(121, 'Diecast Collectables', 'USA', 'Boston', '6251 Ingle Ln.', 495),
(122, 'Kelly\'s Gift Shop', 'New Zealand', 'Auckland  ', 'Arenales 1938 3\'A\'', 496);

-- --------------------------------------------------------

--
-- Table structure for table `dimensi_kantor`
--

CREATE TABLE `dimensi_kantor` (
  `id` int(10) NOT NULL,
  `city` varchar(50) NOT NULL,
  `address` varchar(100) NOT NULL,
  `country` varchar(20) NOT NULL,
  `kantor_id` int(10) NOT NULL
) ENGINE=InnoDB DEFAULT CHARSET=utf8mb4;

--
-- Dumping data for table `dimensi_kantor`
--

INSERT INTO `dimensi_kantor` (`id`, `city`, `address`, `country`, `kantor_id`) VALUES
(1, 'San Francisco', '100 Market Street', 'USA', 1),
(2, 'Boston', '1550 Court Place', 'USA', 2),
(3, 'NYC', '523 East 53rd Street', 'USA', 3),
(4, 'Paris', '43 Rue Jouffroy D\'abbans', 'France', 4),
(5, 'Tokyo', '4-1 Kioicho', 'Japan', 5),
(6, 'Sydney', '5-11 Wentworth Avenue', 'Australia', 6),
(7, 'London', '25 Old Broad Street', 'UK', 7);

-- --------------------------------------------------------

--
-- Table structure for table `dimensi_karyawan`
--

CREATE TABLE `dimensi_karyawan` (
  `id` int(10) NOT NULL,
  `nama` varchar(50) NOT NULL,
  `karyawan_id` int(10) NOT NULL,
  `email` varchar(40) NOT NULL,
  `job` varchar(40) NOT NULL
) ENGINE=InnoDB DEFAULT CHARSET=utf8mb4;

--
-- Dumping data for table `dimensi_karyawan`
--

INSERT INTO `dimensi_karyawan` (`id`, `nama`, `karyawan_id`, `email`, `job`) VALUES
(1, 'Diane Murphy', 1002, 'dmurphy@classicmodelcars.com', 'President'),
(2, 'Mary Patterson', 1056, 'mpatterso@classicmodelcars.com', 'VP Sales'),
(3, 'Jeff Firrelli', 1076, 'jfirrelli@classicmodelcars.com', 'VP Marketing'),
(4, 'William Patterson', 1088, 'wpatterson@classicmodelcars.com', 'Sales Manager (APAC)'),
(5, 'Gerard Bondur', 1102, 'gbondur@classicmodelcars.com', 'Sale Manager (EMEA)'),
(6, 'Anthony Bow', 1143, 'abow@classicmodelcars.com', 'Sales Manager (NA)'),
(7, 'Leslie Jennings', 1165, 'ljennings@classicmodelcars.com', 'Sales Rep'),
(8, 'Leslie Thompson', 1166, 'lthompson@classicmodelcars.com', 'Sales Rep'),
(9, 'Julie Firrelli', 1188, 'jfirrelli@classicmodelcars.com', 'Sales Rep'),
(10, 'Steve Patterson', 1216, 'spatterson@classicmodelcars.com', 'Sales Rep'),
(11, 'Foon Yue Tseng', 1286, 'ftseng@classicmodelcars.com', 'Sales Rep'),
(12, 'George Vanauf', 1323, 'gvanauf@classicmodelcars.com', 'Sales Rep'),
(13, 'Loui Bondur', 1337, 'lbondur@classicmodelcars.com', 'Sales Rep'),
(14, 'Gerard Hernandez', 1370, 'ghernande@classicmodelcars.com', 'Sales Rep'),
(15, 'Pamela Castillo', 1401, 'pcastillo@classicmodelcars.com', 'Sales Rep'),
(16, 'Larry Bott', 1501, 'lbott@classicmodelcars.com', 'Sales Rep'),
(17, 'Barry Jones', 1504, 'bjones@classicmodelcars.com', 'Sales Rep'),
(18, 'Andy Fixter', 1611, 'afixter@classicmodelcars.com', 'Sales Rep'),
(19, 'Peter Marsh', 1612, 'pmarsh@classicmodelcars.com', 'Sales Rep'),
(20, 'Tom King', 1619, 'tking@classicmodelcars.com', 'Sales Rep'),
(21, 'Mami Nishi', 1621, 'mnishi@classicmodelcars.com', 'Sales Rep'),
(22, 'Yoshimi Kato', 1625, 'ykato@classicmodelcars.com', 'Sales Rep'),
(23, 'Martin Gerard', 1702, 'mgerard@classicmodelcars.com', 'Sales Rep');

-- --------------------------------------------------------

--
-- Table structure for table `dimensi_waktu`
--

CREATE TABLE `dimensi_waktu` (
  `id` int(10) NOT NULL,
  `tahun` int(4) NOT NULL,
  `bulan` varchar(20) NOT NULL,
  `hari` int(15) NOT NULL
) ENGINE=InnoDB DEFAULT CHARSET=utf8mb4;

--
-- Dumping data for table `dimensi_waktu`
--

INSERT INTO `dimensi_waktu` (`id`, `tahun`, `bulan`, `hari`) VALUES
(20030101, 2003, 'Januari', 1),
(20030102, 2003, 'Januari', 2),
(20030103, 2003, 'Januari', 3),
(20030104, 2003, 'Januari', 4),
(20030105, 2003, 'Januari', 5),
(20030106, 2003, 'Januari', 6),
(20030107, 2003, 'Januari', 7),
(20030108, 2003, 'Januari', 8),
(20030109, 2003, 'Januari', 9),
(20030110, 2003, 'Januari', 10),
(20030111, 2003, 'Januari', 11),
(20030112, 2003, 'Januari', 12),
(20030113, 2003, 'Januari', 13),
(20030114, 2003, 'Januari', 14),
(20030115, 2003, 'Januari', 15),
(20030116, 2003, 'Januari', 16),
(20030117, 2003, 'Januari', 17),
(20030118, 2003, 'Januari', 18),
(20030119, 2003, 'Januari', 19),
(20030120, 2003, 'Januari', 20),
(20030121, 2003, 'Januari', 21),
(20030122, 2003, 'Januari', 22),
(20030123, 2003, 'Januari', 23),
(20030124, 2003, 'Januari', 24),
(20030125, 2003, 'Januari', 25),
(20030126, 2003, 'Januari', 26),
(20030127, 2003, 'Januari', 27),
(20030128, 2003, 'Januari', 28),
(20030129, 2003, 'Januari', 29),
(20030130, 2003, 'Januari', 30),
(20030131, 2003, 'Januari', 31),
(20030201, 2003, 'Febuari', 1),
(20030202, 2003, 'Febuari', 2),
(20030203, 2003, 'Febuari', 3),
(20030204, 2003, 'Febuari', 4),
(20030205, 2003, 'Febuari', 5),
(20030206, 2003, 'Febuari', 6),
(20030207, 2003, 'Febuari', 7),
(20030208, 2003, 'Febuari', 8),
(20030209, 2003, 'Febuari', 9),
(20030210, 2003, 'Febuari', 10),
(20030211, 2003, 'Febuari', 11),
(20030212, 2003, 'Febuari', 12),
(20030213, 2003, 'Febuari', 13),
(20030214, 2003, 'Febuari', 14),
(20030215, 2003, 'Febuari', 15),
(20030216, 2003, 'Febuari', 16),
(20030217, 2003, 'Febuari', 17),
(20030218, 2003, 'Febuari', 18),
(20030219, 2003, 'Febuari', 19),
(20030220, 2003, 'Febuari', 20),
(20030221, 2003, 'Febuari', 21),
(20030222, 2003, 'Febuari', 22),
(20030223, 2003, 'Febuari', 23),
(20030224, 2003, 'Febuari', 24),
(20030225, 2003, 'Febuari', 25),
(20030226, 2003, 'Febuari', 26),
(20030227, 2003, 'Febuari', 27),
(20030228, 2003, 'Febuari', 28),
(20030301, 2003, 'Maret', 1),
(20030302, 2003, 'Maret', 2),
(20030303, 2003, 'Maret', 3),
(20030304, 2003, 'Maret', 4),
(20030305, 2003, 'Maret', 5),
(20030306, 2003, 'Maret', 6),
(20030307, 2003, 'Maret', 7),
(20030308, 2003, 'Maret', 8),
(20030309, 2003, 'Maret', 9),
(20030310, 2003, 'Maret', 10),
(20030311, 2003, 'Maret', 11),
(20030312, 2003, 'Maret', 12),
(20030313, 2003, 'Maret', 13),
(20030314, 2003, 'Maret', 14),
(20030315, 2003, 'Maret', 15),
(20030316, 2003, 'Maret', 16),
(20030317, 2003, 'Maret', 17),
(20030318, 2003, 'Maret', 18),
(20030319, 2003, 'Maret', 19),
(20030320, 2003, 'Maret', 20),
(20030321, 2003, 'Maret', 21),
(20030322, 2003, 'Maret', 22),
(20030323, 2003, 'Maret', 23),
(20030324, 2003, 'Maret', 24),
(20030325, 2003, 'Maret', 25),
(20030326, 2003, 'Maret', 26),
(20030327, 2003, 'Maret', 27),
(20030328, 2003, 'Maret', 28),
(20030329, 2003, 'Maret', 29),
(20030330, 2003, 'Maret', 30),
(20030331, 2003, 'Maret', 31),
(20030401, 2003, 'April', 1),
(20030402, 2003, 'April', 2),
(20030403, 2003, 'April', 3),
(20030404, 2003, 'April', 4),
(20030405, 2003, 'April', 5),
(20030406, 2003, 'April', 6),
(20030407, 2003, 'April', 7),
(20030408, 2003, 'April', 8),
(20030409, 2003, 'April', 9),
(20030410, 2003, 'April', 10),
(20030411, 2003, 'April', 11),
(20030412, 2003, 'April', 12),
(20030413, 2003, 'April', 13),
(20030414, 2003, 'April', 14),
(20030415, 2003, 'April', 15),
(20030416, 2003, 'April', 16),
(20030417, 2003, 'April', 17),
(20030418, 2003, 'April', 18),
(20030419, 2003, 'April', 19),
(20030420, 2003, 'April', 20),
(20030421, 2003, 'April', 21),
(20030422, 2003, 'April', 22),
(20030423, 2003, 'April', 23),
(20030424, 2003, 'April', 24),
(20030425, 2003, 'April', 25),
(20030426, 2003, 'April', 26),
(20030427, 2003, 'April', 27),
(20030428, 2003, 'April', 28),
(20030429, 2003, 'April', 29),
(20030430, 2003, 'April', 30),
(20030501, 2003, 'Mei', 1),
(20030502, 2003, 'Mei', 2),
(20030503, 2003, 'Mei', 3),
(20030504, 2003, 'Mei', 4),
(20030505, 2003, 'Mei', 5),
(20030506, 2003, 'Mei', 6),
(20030507, 2003, 'Mei', 7),
(20030508, 2003, 'Mei', 8),
(20030509, 2003, 'Mei', 9),
(20030510, 2003, 'Mei', 10),
(20030511, 2003, 'Mei', 11),
(20030512, 2003, 'Mei', 12),
(20030513, 2003, 'Mei', 13),
(20030514, 2003, 'Mei', 14),
(20030515, 2003, 'Mei', 15),
(20030516, 2003, 'Mei', 16),
(20030517, 2003, 'Mei', 17),
(20030518, 2003, 'Mei', 18),
(20030519, 2003, 'Mei', 19),
(20030520, 2003, 'Mei', 20),
(20030521, 2003, 'Mei', 21),
(20030522, 2003, 'Mei', 22),
(20030523, 2003, 'Mei', 23),
(20030524, 2003, 'Mei', 24),
(20030525, 2003, 'Mei', 25),
(20030526, 2003, 'Mei', 26),
(20030527, 2003, 'Mei', 27),
(20030528, 2003, 'Mei', 28),
(20030529, 2003, 'Mei', 29),
(20030530, 2003, 'Mei', 30),
(20030531, 2003, 'Mei', 31),
(20030601, 2003, 'Juni', 1),
(20030602, 2003, 'Juni', 2),
(20030603, 2003, 'Juni', 3),
(20030604, 2003, 'Juni', 4),
(20030605, 2003, 'Juni', 5),
(20030606, 2003, 'Juni', 6),
(20030607, 2003, 'Juni', 7),
(20030608, 2003, 'Juni', 8),
(20030609, 2003, 'Juni', 9),
(20030610, 2003, 'Juni', 10),
(20030611, 2003, 'Juni', 11),
(20030612, 2003, 'Juni', 12),
(20030613, 2003, 'Juni', 13),
(20030614, 2003, 'Juni', 14),
(20030615, 2003, 'Juni', 15),
(20030616, 2003, 'Juni', 16),
(20030617, 2003, 'Juni', 17),
(20030618, 2003, 'Juni', 18),
(20030619, 2003, 'Juni', 19),
(20030620, 2003, 'Juni', 20),
(20030621, 2003, 'Juni', 21),
(20030622, 2003, 'Juni', 22),
(20030623, 2003, 'Juni', 23),
(20030624, 2003, 'Juni', 24),
(20030625, 2003, 'Juni', 25),
(20030626, 2003, 'Juni', 26),
(20030627, 2003, 'Juni', 27),
(20030628, 2003, 'Juni', 28),
(20030629, 2003, 'Juni', 29),
(20030630, 2003, 'Juni', 30),
(20030701, 2003, 'Juli', 1),
(20030702, 2003, 'Juli', 2),
(20030703, 2003, 'Juli', 3),
(20030704, 2003, 'Juli', 4),
(20030705, 2003, 'Juli', 5),
(20030706, 2003, 'Juli', 6),
(20030707, 2003, 'Juli', 7),
(20030708, 2003, 'Juli', 8),
(20030709, 2003, 'Juli', 9),
(20030710, 2003, 'Juli', 10),
(20030711, 2003, 'Juli', 11),
(20030712, 2003, 'Juli', 12),
(20030713, 2003, 'Juli', 13),
(20030714, 2003, 'Juli', 14),
(20030715, 2003, 'Juli', 15),
(20030716, 2003, 'Juli', 16),
(20030717, 2003, 'Juli', 17),
(20030718, 2003, 'Juli', 18),
(20030719, 2003, 'Juli', 19),
(20030720, 2003, 'Juli', 20),
(20030721, 2003, 'Juli', 21),
(20030722, 2003, 'Juli', 22),
(20030723, 2003, 'Juli', 23),
(20030724, 2003, 'Juli', 24),
(20030725, 2003, 'Juli', 25),
(20030726, 2003, 'Juli', 26),
(20030727, 2003, 'Juli', 27),
(20030728, 2003, 'Juli', 28),
(20030729, 2003, 'Juli', 29),
(20030730, 2003, 'Juli', 30),
(20030731, 2003, 'Juli', 31),
(20030801, 2003, 'Agustus', 1),
(20030802, 2003, 'Agustus', 2),
(20030803, 2003, 'Agustus', 3),
(20030804, 2003, 'Agustus', 4),
(20030805, 2003, 'Agustus', 5),
(20030806, 2003, 'Agustus', 6),
(20030807, 2003, 'Agustus', 7),
(20030808, 2003, 'Agustus', 8),
(20030809, 2003, 'Agustus', 9),
(20030810, 2003, 'Agustus', 10),
(20030811, 2003, 'Agustus', 11),
(20030812, 2003, 'Agustus', 12),
(20030813, 2003, 'Agustus', 13),
(20030814, 2003, 'Agustus', 14),
(20030815, 2003, 'Agustus', 15),
(20030816, 2003, 'Agustus', 16),
(20030817, 2003, 'Agustus', 17),
(20030818, 2003, 'Agustus', 18),
(20030819, 2003, 'Agustus', 19),
(20030820, 2003, 'Agustus', 20),
(20030821, 2003, 'Agustus', 21),
(20030822, 2003, 'Agustus', 22),
(20030823, 2003, 'Agustus', 23),
(20030824, 2003, 'Agustus', 24),
(20030825, 2003, 'Agustus', 25),
(20030826, 2003, 'Agustus', 26),
(20030827, 2003, 'Agustus', 27),
(20030828, 2003, 'Agustus', 28),
(20030829, 2003, 'Agustus', 29),
(20030830, 2003, 'Agustus', 30),
(20030831, 2003, 'Agustus', 31),
(20030901, 2003, 'September', 1),
(20030902, 2003, 'September', 2),
(20030903, 2003, 'September', 3),
(20030904, 2003, 'September', 4),
(20030905, 2003, 'September', 5),
(20030906, 2003, 'September', 6),
(20030907, 2003, 'September', 7),
(20030908, 2003, 'September', 8),
(20030909, 2003, 'September', 9),
(20030910, 2003, 'September', 10),
(20030911, 2003, 'September', 11),
(20030912, 2003, 'September', 12),
(20030913, 2003, 'September', 13),
(20030914, 2003, 'September', 14),
(20030915, 2003, 'September', 15),
(20030916, 2003, 'September', 16),
(20030917, 2003, 'September', 17),
(20030918, 2003, 'September', 18),
(20030919, 2003, 'September', 19),
(20030920, 2003, 'September', 20),
(20030921, 2003, 'September', 21),
(20030922, 2003, 'September', 22),
(20030923, 2003, 'September', 23),
(20030924, 2003, 'September', 24),
(20030925, 2003, 'September', 25),
(20030926, 2003, 'September', 26),
(20030927, 2003, 'September', 27),
(20030928, 2003, 'September', 28),
(20030929, 2003, 'September', 29),
(20030930, 2003, 'September', 30),
(20031001, 2003, 'Oktober', 1),
(20031002, 2003, 'Oktober', 2),
(20031003, 2003, 'Oktober', 3),
(20031004, 2003, 'Oktober', 4),
(20031005, 2003, 'Oktober', 5),
(20031006, 2003, 'Oktober', 6),
(20031007, 2003, 'Oktober', 7),
(20031008, 2003, 'Oktober', 8),
(20031009, 2003, 'Oktober', 9),
(20031010, 2003, 'Oktober', 10),
(20031011, 2003, 'Oktober', 11),
(20031012, 2003, 'Oktober', 12),
(20031013, 2003, 'Oktober', 13),
(20031014, 2003, 'Oktober', 14),
(20031015, 2003, 'Oktober', 15),
(20031016, 2003, 'Oktober', 16),
(20031017, 2003, 'Oktober', 17),
(20031018, 2003, 'Oktober', 18),
(20031019, 2003, 'Oktober', 19),
(20031020, 2003, 'Oktober', 20),
(20031021, 2003, 'Oktober', 21),
(20031022, 2003, 'Oktober', 22),
(20031023, 2003, 'Oktober', 23),
(20031024, 2003, 'Oktober', 24),
(20031025, 2003, 'Oktober', 25),
(20031026, 2003, 'Oktober', 26),
(20031027, 2003, 'Oktober', 27),
(20031028, 2003, 'Oktober', 28),
(20031029, 2003, 'Oktober', 29),
(20031030, 2003, 'Oktober', 30),
(20031031, 2003, 'Oktober', 31),
(20031101, 2003, 'November', 1),
(20031102, 2003, 'November', 2),
(20031103, 2003, 'November', 3),
(20031104, 2003, 'November', 4),
(20031105, 2003, 'November', 5),
(20031106, 2003, 'November', 6),
(20031107, 2003, 'November', 7),
(20031108, 2003, 'November', 8),
(20031109, 2003, 'November', 9),
(20031110, 2003, 'November', 10),
(20031111, 2003, 'November', 11),
(20031112, 2003, 'November', 12),
(20031113, 2003, 'November', 13),
(20031114, 2003, 'November', 14),
(20031115, 2003, 'November', 15),
(20031116, 2003, 'November', 16),
(20031117, 2003, 'November', 17),
(20031118, 2003, 'November', 18),
(20031119, 2003, 'November', 19),
(20031120, 2003, 'November', 20),
(20031121, 2003, 'November', 21),
(20031122, 2003, 'November', 22),
(20031123, 2003, 'November', 23),
(20031124, 2003, 'November', 24),
(20031125, 2003, 'November', 25),
(20031126, 2003, 'November', 26),
(20031127, 2003, 'November', 27),
(20031128, 2003, 'November', 28),
(20031129, 2003, 'November', 29),
(20031130, 2003, 'November', 30),
(20031201, 2003, 'Desember', 1),
(20031202, 2003, 'Desember', 2),
(20031203, 2003, 'Desember', 3),
(20031204, 2003, 'Desember', 4),
(20031205, 2003, 'Desember', 5),
(20031206, 2003, 'Desember', 6),
(20031207, 2003, 'Desember', 7),
(20031208, 2003, 'Desember', 8),
(20031209, 2003, 'Desember', 9),
(20031210, 2003, 'Desember', 10),
(20031211, 2003, 'Desember', 11),
(20031212, 2003, 'Desember', 12),
(20031213, 2003, 'Desember', 13),
(20031214, 2003, 'Desember', 14),
(20031215, 2003, 'Desember', 15),
(20031216, 2003, 'Desember', 16),
(20031217, 2003, 'Desember', 17),
(20031218, 2003, 'Desember', 18),
(20031219, 2003, 'Desember', 19),
(20031220, 2003, 'Desember', 20),
(20031221, 2003, 'Desember', 21),
(20031222, 2003, 'Desember', 22),
(20031223, 2003, 'Desember', 23),
(20031224, 2003, 'Desember', 24),
(20031225, 2003, 'Desember', 25),
(20031226, 2003, 'Desember', 26),
(20031227, 2003, 'Desember', 27),
(20031228, 2003, 'Desember', 28),
(20031229, 2003, 'Desember', 29),
(20031230, 2003, 'Desember', 30),
(20031231, 2003, 'Desember', 31),
(20040101, 2004, 'Januari', 1),
(20040102, 2004, 'Januari', 2),
(20040103, 2004, 'Januari', 3),
(20040104, 2004, 'Januari', 4),
(20040105, 2004, 'Januari', 5),
(20040106, 2004, 'Januari', 6),
(20040107, 2004, 'Januari', 7),
(20040108, 2004, 'Januari', 8),
(20040109, 2004, 'Januari', 9),
(20040110, 2004, 'Januari', 10),
(20040111, 2004, 'Januari', 11),
(20040112, 2004, 'Januari', 12),
(20040113, 2004, 'Januari', 13),
(20040114, 2004, 'Januari', 14),
(20040115, 2004, 'Januari', 15),
(20040116, 2004, 'Januari', 16),
(20040117, 2004, 'Januari', 17),
(20040118, 2004, 'Januari', 18),
(20040119, 2004, 'Januari', 19),
(20040120, 2004, 'Januari', 20),
(20040121, 2004, 'Januari', 21),
(20040122, 2004, 'Januari', 22),
(20040123, 2004, 'Januari', 23),
(20040124, 2004, 'Januari', 24),
(20040125, 2004, 'Januari', 25),
(20040126, 2004, 'Januari', 26),
(20040127, 2004, 'Januari', 27),
(20040128, 2004, 'Januari', 28),
(20040129, 2004, 'Januari', 29),
(20040130, 2004, 'Januari', 30),
(20040131, 2004, 'Januari', 31),
(20040201, 2004, 'Febuari', 1),
(20040202, 2004, 'Febuari', 2),
(20040203, 2004, 'Febuari', 3),
(20040204, 2004, 'Febuari', 4),
(20040205, 2004, 'Febuari', 5),
(20040206, 2004, 'Febuari', 6),
(20040207, 2004, 'Febuari', 7),
(20040208, 2004, 'Febuari', 8),
(20040209, 2004, 'Febuari', 9),
(20040210, 2004, 'Febuari', 10),
(20040211, 2004, 'Febuari', 11),
(20040212, 2004, 'Febuari', 12),
(20040213, 2004, 'Febuari', 13),
(20040214, 2004, 'Febuari', 14),
(20040215, 2004, 'Febuari', 15),
(20040216, 2004, 'Febuari', 16),
(20040217, 2004, 'Febuari', 17),
(20040218, 2004, 'Febuari', 18),
(20040219, 2004, 'Febuari', 19),
(20040220, 2004, 'Febuari', 20),
(20040221, 2004, 'Febuari', 21),
(20040222, 2004, 'Febuari', 22),
(20040223, 2004, 'Febuari', 23),
(20040224, 2004, 'Febuari', 24),
(20040225, 2004, 'Febuari', 25),
(20040226, 2004, 'Febuari', 26),
(20040227, 2004, 'Febuari', 27),
(20040228, 2004, 'Febuari', 28),
(20040229, 2004, 'Febuari', 29),
(20040301, 2004, 'Maret', 1),
(20040302, 2004, 'Maret', 2),
(20040303, 2004, 'Maret', 3),
(20040304, 2004, 'Maret', 4),
(20040305, 2004, 'Maret', 5),
(20040306, 2004, 'Maret', 6),
(20040307, 2004, 'Maret', 7),
(20040308, 2004, 'Maret', 8),
(20040309, 2004, 'Maret', 9),
(20040310, 2004, 'Maret', 10),
(20040311, 2004, 'Maret', 11),
(20040312, 2004, 'Maret', 12),
(20040313, 2004, 'Maret', 13),
(20040314, 2004, 'Maret', 14),
(20040315, 2004, 'Maret', 15),
(20040316, 2004, 'Maret', 16),
(20040317, 2004, 'Maret', 17),
(20040318, 2004, 'Maret', 18),
(20040319, 2004, 'Maret', 19),
(20040320, 2004, 'Maret', 20),
(20040321, 2004, 'Maret', 21),
(20040322, 2004, 'Maret', 22),
(20040323, 2004, 'Maret', 23),
(20040324, 2004, 'Maret', 24),
(20040325, 2004, 'Maret', 25),
(20040326, 2004, 'Maret', 26),
(20040327, 2004, 'Maret', 27),
(20040328, 2004, 'Maret', 28),
(20040329, 2004, 'Maret', 29),
(20040330, 2004, 'Maret', 30),
(20040331, 2004, 'Maret', 31),
(20040401, 2004, 'April', 1),
(20040402, 2004, 'April', 2),
(20040403, 2004, 'April', 3),
(20040404, 2004, 'April', 4),
(20040405, 2004, 'April', 5),
(20040406, 2004, 'April', 6),
(20040407, 2004, 'April', 7),
(20040408, 2004, 'April', 8),
(20040409, 2004, 'April', 9),
(20040410, 2004, 'April', 10),
(20040411, 2004, 'April', 11),
(20040412, 2004, 'April', 12),
(20040413, 2004, 'April', 13),
(20040414, 2004, 'April', 14),
(20040415, 2004, 'April', 15),
(20040416, 2004, 'April', 16),
(20040417, 2004, 'April', 17),
(20040418, 2004, 'April', 18),
(20040419, 2004, 'April', 19),
(20040420, 2004, 'April', 20),
(20040421, 2004, 'April', 21),
(20040422, 2004, 'April', 22),
(20040423, 2004, 'April', 23),
(20040424, 2004, 'April', 24),
(20040425, 2004, 'April', 25),
(20040426, 2004, 'April', 26),
(20040427, 2004, 'April', 27),
(20040428, 2004, 'April', 28),
(20040429, 2004, 'April', 29),
(20040430, 2004, 'April', 30),
(20040501, 2004, 'Mei', 1),
(20040502, 2004, 'Mei', 2),
(20040503, 2004, 'Mei', 3),
(20040504, 2004, 'Mei', 4),
(20040505, 2004, 'Mei', 5),
(20040506, 2004, 'Mei', 6),
(20040507, 2004, 'Mei', 7),
(20040508, 2004, 'Mei', 8),
(20040509, 2004, 'Mei', 9),
(20040510, 2004, 'Mei', 10),
(20040511, 2004, 'Mei', 11),
(20040512, 2004, 'Mei', 12),
(20040513, 2004, 'Mei', 13),
(20040514, 2004, 'Mei', 14),
(20040515, 2004, 'Mei', 15),
(20040516, 2004, 'Mei', 16),
(20040517, 2004, 'Mei', 17),
(20040518, 2004, 'Mei', 18),
(20040519, 2004, 'Mei', 19),
(20040520, 2004, 'Mei', 20),
(20040521, 2004, 'Mei', 21),
(20040522, 2004, 'Mei', 22),
(20040523, 2004, 'Mei', 23),
(20040524, 2004, 'Mei', 24),
(20040525, 2004, 'Mei', 25),
(20040526, 2004, 'Mei', 26),
(20040527, 2004, 'Mei', 27),
(20040528, 2004, 'Mei', 28),
(20040529, 2004, 'Mei', 29),
(20040530, 2004, 'Mei', 30),
(20040531, 2004, 'Mei', 31),
(20040601, 2004, 'Juni', 1),
(20040602, 2004, 'Juni', 2),
(20040603, 2004, 'Juni', 3),
(20040604, 2004, 'Juni', 4),
(20040605, 2004, 'Juni', 5),
(20040606, 2004, 'Juni', 6),
(20040607, 2004, 'Juni', 7),
(20040608, 2004, 'Juni', 8),
(20040609, 2004, 'Juni', 9),
(20040610, 2004, 'Juni', 10),
(20040611, 2004, 'Juni', 11),
(20040612, 2004, 'Juni', 12),
(20040613, 2004, 'Juni', 13),
(20040614, 2004, 'Juni', 14),
(20040615, 2004, 'Juni', 15),
(20040616, 2004, 'Juni', 16),
(20040617, 2004, 'Juni', 17),
(20040618, 2004, 'Juni', 18),
(20040619, 2004, 'Juni', 19),
(20040620, 2004, 'Juni', 20),
(20040621, 2004, 'Juni', 21),
(20040622, 2004, 'Juni', 22),
(20040623, 2004, 'Juni', 23),
(20040624, 2004, 'Juni', 24),
(20040625, 2004, 'Juni', 25),
(20040626, 2004, 'Juni', 26),
(20040627, 2004, 'Juni', 27),
(20040628, 2004, 'Juni', 28),
(20040629, 2004, 'Juni', 29),
(20040630, 2004, 'Juni', 30),
(20040701, 2004, 'Juli', 1),
(20040702, 2004, 'Juli', 2),
(20040703, 2004, 'Juli', 3),
(20040704, 2004, 'Juli', 4),
(20040705, 2004, 'Juli', 5),
(20040706, 2004, 'Juli', 6),
(20040707, 2004, 'Juli', 7),
(20040708, 2004, 'Juli', 8),
(20040709, 2004, 'Juli', 9),
(20040710, 2004, 'Juli', 10),
(20040711, 2004, 'Juli', 11),
(20040712, 2004, 'Juli', 12),
(20040713, 2004, 'Juli', 13),
(20040714, 2004, 'Juli', 14),
(20040715, 2004, 'Juli', 15),
(20040716, 2004, 'Juli', 16),
(20040717, 2004, 'Juli', 17),
(20040718, 2004, 'Juli', 18),
(20040719, 2004, 'Juli', 19),
(20040720, 2004, 'Juli', 20),
(20040721, 2004, 'Juli', 21),
(20040722, 2004, 'Juli', 22),
(20040723, 2004, 'Juli', 23),
(20040724, 2004, 'Juli', 24),
(20040725, 2004, 'Juli', 25),
(20040726, 2004, 'Juli', 26),
(20040727, 2004, 'Juli', 27),
(20040728, 2004, 'Juli', 28),
(20040729, 2004, 'Juli', 29),
(20040730, 2004, 'Juli', 30),
(20040731, 2004, 'Juli', 31),
(20040801, 2004, 'Agustus', 1),
(20040802, 2004, 'Agustus', 2),
(20040803, 2004, 'Agustus', 3),
(20040804, 2004, 'Agustus', 4),
(20040805, 2004, 'Agustus', 5),
(20040806, 2004, 'Agustus', 6),
(20040807, 2004, 'Agustus', 7),
(20040808, 2004, 'Agustus', 8),
(20040809, 2004, 'Agustus', 9),
(20040810, 2004, 'Agustus', 10),
(20040811, 2004, 'Agustus', 11),
(20040812, 2004, 'Agustus', 12),
(20040813, 2004, 'Agustus', 13),
(20040814, 2004, 'Agustus', 14),
(20040815, 2004, 'Agustus', 15),
(20040816, 2004, 'Agustus', 16),
(20040817, 2004, 'Agustus', 17),
(20040818, 2004, 'Agustus', 18),
(20040819, 2004, 'Agustus', 19),
(20040820, 2004, 'Agustus', 20),
(20040821, 2004, 'Agustus', 21),
(20040822, 2004, 'Agustus', 22),
(20040823, 2004, 'Agustus', 23),
(20040824, 2004, 'Agustus', 24),
(20040825, 2004, 'Agustus', 25),
(20040826, 2004, 'Agustus', 26),
(20040827, 2004, 'Agustus', 27),
(20040828, 2004, 'Agustus', 28),
(20040829, 2004, 'Agustus', 29),
(20040830, 2004, 'Agustus', 30),
(20040831, 2004, 'Agustus', 31),
(20040901, 2004, 'September', 1),
(20040902, 2004, 'September', 2),
(20040903, 2004, 'September', 3),
(20040904, 2004, 'September', 4),
(20040905, 2004, 'September', 5),
(20040906, 2004, 'September', 6),
(20040907, 2004, 'September', 7),
(20040908, 2004, 'September', 8),
(20040909, 2004, 'September', 9),
(20040910, 2004, 'September', 10),
(20040911, 2004, 'September', 11),
(20040912, 2004, 'September', 12),
(20040913, 2004, 'September', 13),
(20040914, 2004, 'September', 14),
(20040915, 2004, 'September', 15),
(20040916, 2004, 'September', 16),
(20040917, 2004, 'September', 17),
(20040918, 2004, 'September', 18),
(20040919, 2004, 'September', 19),
(20040920, 2004, 'September', 20),
(20040921, 2004, 'September', 21),
(20040922, 2004, 'September', 22),
(20040923, 2004, 'September', 23),
(20040924, 2004, 'September', 24),
(20040925, 2004, 'September', 25),
(20040926, 2004, 'September', 26),
(20040927, 2004, 'September', 27),
(20040928, 2004, 'September', 28),
(20040929, 2004, 'September', 29),
(20040930, 2004, 'September', 30),
(20041001, 2004, 'Oktober', 1),
(20041002, 2004, 'Oktober', 2),
(20041003, 2004, 'Oktober', 3),
(20041004, 2004, 'Oktober', 4),
(20041005, 2004, 'Oktober', 5),
(20041006, 2004, 'Oktober', 6),
(20041007, 2004, 'Oktober', 7),
(20041008, 2004, 'Oktober', 8),
(20041009, 2004, 'Oktober', 9),
(20041010, 2004, 'Oktober', 10),
(20041011, 2004, 'Oktober', 11),
(20041012, 2004, 'Oktober', 12),
(20041013, 2004, 'Oktober', 13),
(20041014, 2004, 'Oktober', 14),
(20041015, 2004, 'Oktober', 15),
(20041016, 2004, 'Oktober', 16),
(20041017, 2004, 'Oktober', 17),
(20041018, 2004, 'Oktober', 18),
(20041019, 2004, 'Oktober', 19),
(20041020, 2004, 'Oktober', 20),
(20041021, 2004, 'Oktober', 21),
(20041022, 2004, 'Oktober', 22),
(20041023, 2004, 'Oktober', 23),
(20041024, 2004, 'Oktober', 24),
(20041025, 2004, 'Oktober', 25),
(20041026, 2004, 'Oktober', 26),
(20041027, 2004, 'Oktober', 27),
(20041028, 2004, 'Oktober', 28),
(20041029, 2004, 'Oktober', 29),
(20041030, 2004, 'Oktober', 30),
(20041031, 2004, 'Oktober', 31),
(20041101, 2004, 'November', 1),
(20041102, 2004, 'November', 2),
(20041103, 2004, 'November', 3),
(20041104, 2004, 'November', 4),
(20041105, 2004, 'November', 5),
(20041106, 2004, 'November', 6),
(20041107, 2004, 'November', 7),
(20041108, 2004, 'November', 8),
(20041109, 2004, 'November', 9),
(20041110, 2004, 'November', 10),
(20041111, 2004, 'November', 11),
(20041112, 2004, 'November', 12),
(20041113, 2004, 'November', 13),
(20041114, 2004, 'November', 14),
(20041115, 2004, 'November', 15),
(20041116, 2004, 'November', 16),
(20041117, 2004, 'November', 17),
(20041118, 2004, 'November', 18),
(20041119, 2004, 'November', 19),
(20041120, 2004, 'November', 20),
(20041121, 2004, 'November', 21),
(20041122, 2004, 'November', 22),
(20041123, 2004, 'November', 23),
(20041124, 2004, 'November', 24),
(20041125, 2004, 'November', 25),
(20041126, 2004, 'November', 26),
(20041127, 2004, 'November', 27),
(20041128, 2004, 'November', 28),
(20041129, 2004, 'November', 29),
(20041130, 2004, 'November', 30),
(20041201, 2004, 'Desember', 1),
(20041202, 2004, 'Desember', 2),
(20041203, 2004, 'Desember', 3),
(20041204, 2004, 'Desember', 4),
(20041205, 2004, 'Desember', 5),
(20041206, 2004, 'Desember', 6),
(20041207, 2004, 'Desember', 7),
(20041208, 2004, 'Desember', 8),
(20041209, 2004, 'Desember', 9),
(20041210, 2004, 'Desember', 10),
(20041211, 2004, 'Desember', 11),
(20041212, 2004, 'Desember', 12),
(20041213, 2004, 'Desember', 13),
(20041214, 2004, 'Desember', 14),
(20041215, 2004, 'Desember', 15),
(20041216, 2004, 'Desember', 16),
(20041217, 2004, 'Desember', 17),
(20041218, 2004, 'Desember', 18),
(20041219, 2004, 'Desember', 19),
(20041220, 2004, 'Desember', 20),
(20041221, 2004, 'Desember', 21),
(20041222, 2004, 'Desember', 22),
(20041223, 2004, 'Desember', 23),
(20041224, 2004, 'Desember', 24),
(20041225, 2004, 'Desember', 25),
(20041226, 2004, 'Desember', 26),
(20041227, 2004, 'Desember', 27),
(20041228, 2004, 'Desember', 28),
(20041229, 2004, 'Desember', 29),
(20041230, 2004, 'Desember', 30),
(20041231, 2004, 'Desember', 31),
(20050101, 2005, 'Januari', 1),
(20050102, 2005, 'Januari', 2),
(20050103, 2005, 'Januari', 3),
(20050104, 2005, 'Januari', 4),
(20050105, 2005, 'Januari', 5),
(20050106, 2005, 'Januari', 6),
(20050107, 2005, 'Januari', 7),
(20050108, 2005, 'Januari', 8),
(20050109, 2005, 'Januari', 9),
(20050110, 2005, 'Januari', 10),
(20050111, 2005, 'Januari', 11),
(20050112, 2005, 'Januari', 12),
(20050113, 2005, 'Januari', 13),
(20050114, 2005, 'Januari', 14),
(20050115, 2005, 'Januari', 15),
(20050116, 2005, 'Januari', 16),
(20050117, 2005, 'Januari', 17),
(20050118, 2005, 'Januari', 18),
(20050119, 2005, 'Januari', 19),
(20050120, 2005, 'Januari', 20),
(20050121, 2005, 'Januari', 21),
(20050122, 2005, 'Januari', 22),
(20050123, 2005, 'Januari', 23),
(20050124, 2005, 'Januari', 24),
(20050125, 2005, 'Januari', 25),
(20050126, 2005, 'Januari', 26),
(20050127, 2005, 'Januari', 27),
(20050128, 2005, 'Januari', 28),
(20050129, 2005, 'Januari', 29),
(20050130, 2005, 'Januari', 30),
(20050131, 2005, 'Januari', 31),
(20050201, 2005, 'Febuari', 1),
(20050202, 2005, 'Febuari', 2),
(20050203, 2005, 'Febuari', 3),
(20050204, 2005, 'Febuari', 4),
(20050205, 2005, 'Febuari', 5),
(20050206, 2005, 'Febuari', 6),
(20050207, 2005, 'Febuari', 7),
(20050208, 2005, 'Febuari', 8),
(20050209, 2005, 'Febuari', 9),
(20050210, 2005, 'Febuari', 10),
(20050211, 2005, 'Febuari', 11),
(20050212, 2005, 'Febuari', 12),
(20050213, 2005, 'Febuari', 13),
(20050214, 2005, 'Febuari', 14),
(20050215, 2005, 'Febuari', 15),
(20050216, 2005, 'Febuari', 16),
(20050217, 2005, 'Febuari', 17),
(20050218, 2005, 'Febuari', 18),
(20050219, 2005, 'Febuari', 19),
(20050220, 2005, 'Febuari', 20),
(20050221, 2005, 'Febuari', 21),
(20050222, 2005, 'Febuari', 22),
(20050223, 2005, 'Febuari', 23),
(20050224, 2005, 'Febuari', 24),
(20050225, 2005, 'Febuari', 25),
(20050226, 2005, 'Febuari', 26),
(20050227, 2005, 'Febuari', 27),
(20050228, 2005, 'Febuari', 28),
(20050301, 2005, 'Maret', 1),
(20050302, 2005, 'Maret', 2),
(20050303, 2005, 'Maret', 3),
(20050304, 2005, 'Maret', 4),
(20050305, 2005, 'Maret', 5),
(20050306, 2005, 'Maret', 6),
(20050307, 2005, 'Maret', 7),
(20050308, 2005, 'Maret', 8),
(20050309, 2005, 'Maret', 9),
(20050310, 2005, 'Maret', 10),
(20050311, 2005, 'Maret', 11),
(20050312, 2005, 'Maret', 12),
(20050313, 2005, 'Maret', 13),
(20050314, 2005, 'Maret', 14),
(20050315, 2005, 'Maret', 15),
(20050316, 2005, 'Maret', 16),
(20050317, 2005, 'Maret', 17),
(20050318, 2005, 'Maret', 18),
(20050319, 2005, 'Maret', 19),
(20050320, 2005, 'Maret', 20),
(20050321, 2005, 'Maret', 21),
(20050322, 2005, 'Maret', 22),
(20050323, 2005, 'Maret', 23),
(20050324, 2005, 'Maret', 24),
(20050325, 2005, 'Maret', 25),
(20050326, 2005, 'Maret', 26),
(20050327, 2005, 'Maret', 27),
(20050328, 2005, 'Maret', 28),
(20050329, 2005, 'Maret', 29),
(20050330, 2005, 'Maret', 30),
(20050331, 2005, 'Maret', 31),
(20050401, 2005, 'April', 1),
(20050402, 2005, 'April', 2),
(20050403, 2005, 'April', 3),
(20050404, 2005, 'April', 4),
(20050405, 2005, 'April', 5),
(20050406, 2005, 'April', 6),
(20050407, 2005, 'April', 7),
(20050408, 2005, 'April', 8),
(20050409, 2005, 'April', 9),
(20050410, 2005, 'April', 10),
(20050411, 2005, 'April', 11),
(20050412, 2005, 'April', 12),
(20050413, 2005, 'April', 13),
(20050414, 2005, 'April', 14),
(20050415, 2005, 'April', 15),
(20050416, 2005, 'April', 16),
(20050417, 2005, 'April', 17),
(20050418, 2005, 'April', 18),
(20050419, 2005, 'April', 19),
(20050420, 2005, 'April', 20),
(20050421, 2005, 'April', 21),
(20050422, 2005, 'April', 22),
(20050423, 2005, 'April', 23),
(20050424, 2005, 'April', 24),
(20050425, 2005, 'April', 25),
(20050426, 2005, 'April', 26),
(20050427, 2005, 'April', 27),
(20050428, 2005, 'April', 28),
(20050429, 2005, 'April', 29),
(20050430, 2005, 'April', 30),
(20050501, 2005, 'Mei', 1),
(20050502, 2005, 'Mei', 2),
(20050503, 2005, 'Mei', 3),
(20050504, 2005, 'Mei', 4),
(20050505, 2005, 'Mei', 5),
(20050506, 2005, 'Mei', 6),
(20050507, 2005, 'Mei', 7),
(20050508, 2005, 'Mei', 8),
(20050509, 2005, 'Mei', 9),
(20050510, 2005, 'Mei', 10),
(20050511, 2005, 'Mei', 11),
(20050512, 2005, 'Mei', 12),
(20050513, 2005, 'Mei', 13),
(20050514, 2005, 'Mei', 14),
(20050515, 2005, 'Mei', 15),
(20050516, 2005, 'Mei', 16),
(20050517, 2005, 'Mei', 17),
(20050518, 2005, 'Mei', 18),
(20050519, 2005, 'Mei', 19),
(20050520, 2005, 'Mei', 20),
(20050521, 2005, 'Mei', 21),
(20050522, 2005, 'Mei', 22),
(20050523, 2005, 'Mei', 23),
(20050524, 2005, 'Mei', 24),
(20050525, 2005, 'Mei', 25),
(20050526, 2005, 'Mei', 26),
(20050527, 2005, 'Mei', 27),
(20050528, 2005, 'Mei', 28),
(20050529, 2005, 'Mei', 29),
(20050530, 2005, 'Mei', 30),
(20050531, 2005, 'Mei', 31),
(20050601, 2005, 'Juni', 1),
(20050602, 2005, 'Juni', 2),
(20050603, 2005, 'Juni', 3),
(20050604, 2005, 'Juni', 4),
(20050605, 2005, 'Juni', 5),
(20050606, 2005, 'Juni', 6),
(20050607, 2005, 'Juni', 7),
(20050608, 2005, 'Juni', 8),
(20050609, 2005, 'Juni', 9),
(20050610, 2005, 'Juni', 10),
(20050611, 2005, 'Juni', 11),
(20050612, 2005, 'Juni', 12),
(20050613, 2005, 'Juni', 13),
(20050614, 2005, 'Juni', 14),
(20050615, 2005, 'Juni', 15),
(20050616, 2005, 'Juni', 16),
(20050617, 2005, 'Juni', 17),
(20050618, 2005, 'Juni', 18),
(20050619, 2005, 'Juni', 19),
(20050620, 2005, 'Juni', 20),
(20050621, 2005, 'Juni', 21),
(20050622, 2005, 'Juni', 22),
(20050623, 2005, 'Juni', 23),
(20050624, 2005, 'Juni', 24),
(20050625, 2005, 'Juni', 25),
(20050626, 2005, 'Juni', 26),
(20050627, 2005, 'Juni', 27),
(20050628, 2005, 'Juni', 28),
(20050629, 2005, 'Juni', 29),
(20050630, 2005, 'Juni', 30),
(20050701, 2005, 'Juli', 1),
(20050702, 2005, 'Juli', 2),
(20050703, 2005, 'Juli', 3),
(20050704, 2005, 'Juli', 4),
(20050705, 2005, 'Juli', 5),
(20050706, 2005, 'Juli', 6),
(20050707, 2005, 'Juli', 7),
(20050708, 2005, 'Juli', 8),
(20050709, 2005, 'Juli', 9),
(20050710, 2005, 'Juli', 10),
(20050711, 2005, 'Juli', 11),
(20050712, 2005, 'Juli', 12),
(20050713, 2005, 'Juli', 13),
(20050714, 2005, 'Juli', 14),
(20050715, 2005, 'Juli', 15),
(20050716, 2005, 'Juli', 16),
(20050717, 2005, 'Juli', 17),
(20050718, 2005, 'Juli', 18),
(20050719, 2005, 'Juli', 19),
(20050720, 2005, 'Juli', 20),
(20050721, 2005, 'Juli', 21),
(20050722, 2005, 'Juli', 22),
(20050723, 2005, 'Juli', 23),
(20050724, 2005, 'Juli', 24),
(20050725, 2005, 'Juli', 25),
(20050726, 2005, 'Juli', 26),
(20050727, 2005, 'Juli', 27),
(20050728, 2005, 'Juli', 28),
(20050729, 2005, 'Juli', 29),
(20050730, 2005, 'Juli', 30),
(20050731, 2005, 'Juli', 31),
(20050801, 2005, 'Agustus', 1),
(20050802, 2005, 'Agustus', 2),
(20050803, 2005, 'Agustus', 3),
(20050804, 2005, 'Agustus', 4),
(20050805, 2005, 'Agustus', 5),
(20050806, 2005, 'Agustus', 6),
(20050807, 2005, 'Agustus', 7),
(20050808, 2005, 'Agustus', 8),
(20050809, 2005, 'Agustus', 9),
(20050810, 2005, 'Agustus', 10),
(20050811, 2005, 'Agustus', 11),
(20050812, 2005, 'Agustus', 12),
(20050813, 2005, 'Agustus', 13),
(20050814, 2005, 'Agustus', 14),
(20050815, 2005, 'Agustus', 15),
(20050816, 2005, 'Agustus', 16),
(20050817, 2005, 'Agustus', 17),
(20050818, 2005, 'Agustus', 18),
(20050819, 2005, 'Agustus', 19),
(20050820, 2005, 'Agustus', 20),
(20050821, 2005, 'Agustus', 21),
(20050822, 2005, 'Agustus', 22),
(20050823, 2005, 'Agustus', 23),
(20050824, 2005, 'Agustus', 24),
(20050825, 2005, 'Agustus', 25),
(20050826, 2005, 'Agustus', 26),
(20050827, 2005, 'Agustus', 27),
(20050828, 2005, 'Agustus', 28),
(20050829, 2005, 'Agustus', 29),
(20050830, 2005, 'Agustus', 30),
(20050831, 2005, 'Agustus', 31),
(20050901, 2005, 'September', 1),
(20050902, 2005, 'September', 2),
(20050903, 2005, 'September', 3),
(20050904, 2005, 'September', 4),
(20050905, 2005, 'September', 5),
(20050906, 2005, 'September', 6),
(20050907, 2005, 'September', 7),
(20050908, 2005, 'September', 8),
(20050909, 2005, 'September', 9),
(20050910, 2005, 'September', 10),
(20050911, 2005, 'September', 11),
(20050912, 2005, 'September', 12),
(20050913, 2005, 'September', 13),
(20050914, 2005, 'September', 14),
(20050915, 2005, 'September', 15),
(20050916, 2005, 'September', 16),
(20050917, 2005, 'September', 17),
(20050918, 2005, 'September', 18),
(20050919, 2005, 'September', 19),
(20050920, 2005, 'September', 20),
(20050921, 2005, 'September', 21),
(20050922, 2005, 'September', 22),
(20050923, 2005, 'September', 23),
(20050924, 2005, 'September', 24),
(20050925, 2005, 'September', 25),
(20050926, 2005, 'September', 26);

-- --------------------------------------------------------

--
-- Table structure for table `fakta`
--

CREATE TABLE `fakta` (
  `id` int(10) NOT NULL,
  `waktu` varchar(100) NOT NULL,
  `customer` varchar(100) NOT NULL,
  `karyawan` varchar(100) NOT NULL,
  `kantor` varchar(100) NOT NULL
) ENGINE=InnoDB DEFAULT CHARSET=utf8mb4;

--
-- Dumping data for table `fakta`
--

INSERT INTO `fakta` (`id`, `waktu`, `customer`, `karyawan`, `kantor`) VALUES
(1, '20030326', '6', '7', '1'),
(2, '20030702', '6', '7', '1'),
(3, '20030808', '6', '7', '1'),
(4, '20031112', '6', '7', '1'),
(5, '20040311', '6', '7', '1'),
(6, '20040720', '6', '7', '1'),
(7, '20040820', '6', '7', '1'),
(8, '20041021', '6', '7', '1'),
(9, '20041119', '6', '7', '1'),
(10, '20041210', '6', '7', '1'),
(11, '20050119', '6', '7', '1'),
(12, '20050123', '6', '7', '1'),
(13, '20050217', '6', '7', '1'),
(14, '20050228', '6', '7', '1'),
(15, '20050304', '6', '7', '1'),
(16, '20050323', '6', '7', '1'),
(17, '20050529', '6', '7', '1'),
(18, '20030325', '9', '7', '1'),
(19, '20031201', '9', '7', '1'),
(20, '20041118', '9', '7', '1'),
(21, '20030724', '18', '7', '1'),
(22, '20031028', '18', '7', '1'),
(23, '20041102', '18', '7', '1'),
(24, '20050105', '18', '7', '1'),
(25, '20031010', '69', '7', '1'),
(26, '20031018', '69', '7', '1'),
(27, '20050217', '69', '7', '1'),
(28, '20050223', '69', '7', '1'),
(29, '20040511', '103', '7', '1'),
(30, '20040614', '103', '7', '1'),
(31, '20050401', '103', '7', '1'),
(32, '20050422', '103', '7', '1'),
(33, '20030912', '119', '7', '1'),
(34, '20040210', '119', '7', '1'),
(35, '20030521', '2', '8', '1'),
(36, '20040806', '2', '8', '1'),
(37, '20041129', '2', '8', '1'),
(38, '20030825', '36', '8', '1'),
(39, '20031118', '36', '8', '1'),
(40, '20050112', '36', '8', '1'),
(41, '20031002', '41', '8', '1'),
(42, '20050208', '41', '8', '1'),
(43, '20040219', '46', '8', '1'),
(44, '20040226', '46', '8', '1'),
(45, '20031011', '78', '8', '1'),
(46, '20040109', '78', '8', '1'),
(47, '20031201', '113', '8', '1'),
(48, '20040129', '113', '8', '1'),
(49, '20040310', '25', '9', '2'),
(50, '20040508', '25', '9', '2'),
(51, '20040802', '35', '9', '2'),
(52, '20040910', '35', '9', '2'),
(53, '20030810', '68', '9', '2'),
(54, '20031114', '68', '9', '2'),
(55, '20050107', '68', '9', '2'),
(56, '20031113', '76', '9', '2'),
(57, '20041014', '76', '9', '2'),
(58, '20030905', '89', '9', '2'),
(59, '20040721', '89', '9', '2'),
(60, '20050120', '89', '9', '2'),
(61, '20031209', '121', '9', '2'),
(62, '20040426', '121', '9', '2'),
(63, '20040720', '17', '10', '2'),
(64, '20040819', '17', '10', '2'),
(65, '20041102', '17', '10', '2'),
(66, '20050530', '17', '10', '2'),
(67, '20030616', '32', '10', '2'),
(68, '20040907', '32', '10', '2'),
(69, '20041203', '32', '10', '2'),
(70, '20040827', '59', '10', '2'),
(71, '20041013', '59', '10', '2'),
(72, '20040630', '85', '10', '2'),
(73, '20040910', '85', '10', '2'),
(74, '20050506', '85', '10', '2'),
(75, '20030106', '86', '10', '2'),
(76, '20031120', '86', '10', '2'),
(77, '20041104', '86', '10', '2'),
(78, '20031021', '109', '10', '2'),
(79, '20041104', '109', '10', '2'),
(80, '20050303', '109', '10', '2'),
(81, '20030603', '16', '11', '3'),
(82, '20031202', '16', '11', '3'),
(83, '20040707', '16', '11', '3'),
(84, '20041201', '16', '11', '3'),
(85, '20030110', '28', '11', '3'),
(86, '20040405', '28', '11', '3'),
(87, '20041105', '28', '11', '3'),
(88, '20031105', '44', '11', '3'),
(89, '20040617', '44', '11', '3'),
(90, '20050501', '44', '11', '3'),
(91, '20030404', '99', '11', '3'),
(92, '20031020', '99', '11', '3'),
(93, '20041121', '99', '11', '3'),
(94, '20031126', '105', '11', '3'),
(95, '20040504', '105', '11', '3'),
(96, '20040420', '106', '11', '3'),
(97, '20041103', '106', '11', '3'),
(98, '20030224', '10', '12', '3'),
(99, '20040507', '10', '12', '3'),
(100, '20040908', '10', '12', '3'),
(101, '20041115', '10', '12', '3'),
(102, '20031105', '26', '12', '3'),
(103, '20040628', '26', '12', '3'),
(104, '20050505', '26', '12', '3'),
(105, '20031205', '34', '12', '3'),
(106, '20041022', '34', '12', '3'),
(107, '20040402', '54', '12', '3'),
(108, '20040820', '54', '12', '3'),
(109, '20031125', '67', '12', '3'),
(110, '20041015', '67', '12', '3'),
(111, '20040329', '72', '12', '3'),
(112, '20040518', '72', '12', '3'),
(113, '20050403', '72', '12', '3'),
(114, '20030616', '101', '12', '3'),
(115, '20030903', '101', '12', '3'),
(116, '20041204', '101', '12', '3'),
(117, '20030310', '118', '12', '3'),
(118, '20040403', '118', '12', '3'),
(119, '20041117', '118', '12', '3'),
(120, '20031125', '14', '13', '4'),
(121, '20040102', '14', '13', '4'),
(122, '20040302', '14', '13', '4'),
(123, '20030401', '24', '13', '4'),
(124, '20040828', '24', '13', '4'),
(125, '20041120', '24', '13', '4'),
(126, '20030701', '51', '13', '4'),
(127, '20041209', '51', '13', '4'),
(128, '20050317', '51', '13', '4'),
(129, '20030508', '80', '13', '4'),
(130, '20041125', '80', '13', '4'),
(131, '20050106', '80', '13', '4'),
(132, '20030507', '81', '13', '4'),
(133, '20030710', '81', '13', '4'),
(134, '20041124', '81', '13', '4'),
(135, '20041215', '81', '13', '4'),
(136, '20050330', '81', '13', '4'),
(137, '20040115', '95', '13', '4'),
(138, '20040526', '95', '13', '4'),
(139, '20050407', '95', '13', '4'),
(140, '20030520', '1', '14', '4'),
(141, '20040927', '1', '14', '4'),
(142, '20041125', '1', '14', '4'),
(143, '20040723', '4', '14', '4'),
(144, '20041029', '4', '14', '4'),
(145, '20050203', '4', '14', '4'),
(146, '20050531', '4', '14', '4'),
(147, '20030131', '11', '14', '4'),
(148, '20030606', '11', '14', '4'),
(149, '20030627', '11', '14', '4'),
(150, '20030928', '11', '14', '4'),
(151, '20031008', '11', '14', '4'),
(152, '20031119', '11', '14', '4'),
(153, '20031202', '11', '14', '4'),
(154, '20031203', '11', '14', '4'),
(155, '20040116', '11', '14', '4'),
(156, '20040429', '11', '14', '4'),
(157, '20040505', '11', '14', '4'),
(158, '20040624', '11', '14', '4'),
(159, '20040809', '11', '14', '4'),
(160, '20041016', '11', '14', '4'),
(161, '20041202', '11', '14', '4'),
(162, '20041207', '11', '14', '4'),
(163, '20041210', '11', '14', '4'),
(164, '20050210', '11', '14', '4'),
(165, '20050210', '11', '14', '4'),
(166, '20050216', '11', '14', '4'),
(167, '20050222', '11', '14', '4'),
(168, '20050301', '11', '14', '4'),
(169, '20050315', '11', '14', '4'),
(170, '20050503', '11', '14', '4'),
(171, '20050513', '11', '14', '4'),
(172, '20050531', '11', '14', '4'),
(173, '20031111', '23', '14', '4'),
(174, '20040221', '23', '14', '4'),
(175, '20040413', '38', '14', '4'),
(176, '20040604', '38', '14', '4'),
(177, '20050414', '38', '14', '4'),
(178, '20030704', '48', '14', '4'),
(179, '20031108', '48', '14', '4'),
(180, '20050328', '48', '14', '4'),
(181, '20040202', '52', '14', '4'),
(182, '20041011', '52', '14', '4'),
(183, '20030211', '13', '15', '4'),
(184, '20040409', '13', '15', '4'),
(185, '20040608', '13', '15', '4'),
(186, '20041110', '13', '15', '4'),
(187, '20050415', '13', '15', '4'),
(188, '20031017', '43', '15', '4'),
(189, '20041022', '43', '15', '4'),
(190, '20040817', '50', '15', '4'),
(191, '20040909', '50', '15', '4'),
(192, '20030217', '57', '15', '4'),
(193, '20031105', '57', '15', '4'),
(194, '20041112', '57', '15', '4'),
(195, '20040218', '66', '15', '4'),
(196, '20040721', '66', '15', '4'),
(197, '20050530', '66', '15', '4'),
(198, '20030411', '90', '15', '4'),
(199, '20030813', '90', '15', '4'),
(200, '20041122', '90', '15', '4'),
(201, '20050110', '90', '15', '4'),
(202, '20030428', '91', '15', '4'),
(203, '20040716', '91', '15', '4'),
(204, '20041124', '91', '15', '4'),
(205, '20050517', '91', '15', '4'),
(206, '20031106', '93', '15', '4'),
(207, '20040706', '93', '15', '4'),
(208, '20050510', '93', '15', '4'),
(209, '20031021', '104', '15', '4'),
(210, '20031104', '104', '15', '4'),
(211, '20050310', '104', '15', '4'),
(212, '20031009', '112', '15', '4'),
(213, '20040209', '112', '15', '4'),
(214, '20030421', '40', '23', '4'),
(215, '20031126', '40', '23', '4'),
(216, '20041124', '40', '23', '4'),
(217, '20040222', '61', '23', '4'),
(218, '20040830', '61', '23', '4'),
(219, '20031107', '77', '23', '4'),
(220, '20040319', '77', '23', '4'),
(221, '20030528', '107', '23', '4'),
(222, '20040126', '107', '23', '4'),
(223, '20041101', '107', '23', '4'),
(224, '20031114', '117', '23', '4'),
(225, '20041006', '117', '23', '4'),
(226, '20030416', '15', '21', '5'),
(227, '20030919', '15', '21', '5'),
(228, '20031022', '15', '21', '5'),
(229, '20040804', '15', '21', '5'),
(230, '20050302', '15', '21', '5'),
(231, '20040112', '27', '21', '5'),
(232, '20040413', '27', '21', '5'),
(233, '20031115', '39', '21', '5'),
(234, '20031201', '39', '21', '5'),
(235, '20030303', '92', '21', '5'),
(236, '20031127', '92', '21', '5'),
(237, '20041116', '92', '21', '5'),
(238, '20040615', '94', '21', '5'),
(239, '20041123', '94', '21', '5'),
(240, '20050126', '94', '21', '5'),
(241, '20050422', '94', '21', '5'),
(242, '20030429', '3', '18', '6'),
(243, '20030521', '3', '18', '6'),
(244, '20040220', '3', '18', '6'),
(245, '20041124', '3', '18', '6'),
(246, '20041129', '3', '18', '6'),
(247, '20030911', '56', '18', '6'),
(248, '20031104', '56', '18', '6'),
(249, '20050120', '56', '18', '6'),
(250, '20050309', '56', '18', '6'),
(251, '20030716', '58', '18', '6'),
(252, '20040719', '58', '18', '6'),
(253, '20041217', '58', '18', '6'),
(254, '20050529', '58', '18', '6'),
(255, '20030925', '73', '18', '6'),
(256, '20031106', '73', '18', '6'),
(257, '20050202', '73', '18', '6'),
(258, '20031121', '111', '18', '6'),
(259, '20040702', '111', '18', '6'),
(260, '20050509', '111', '18', '6'),
(261, '20040204', '19', '19', '6'),
(262, '20040615', '19', '19', '6'),
(263, '20040901', '19', '19', '6'),
(264, '20050423', '19', '19', '6'),
(265, '20030625', '70', '19', '6'),
(266, '20040603', '70', '19', '6'),
(267, '20041204', '70', '19', '6'),
(268, '20050311', '70', '19', '6'),
(269, '20050408', '70', '19', '6'),
(270, '20031202', '83', '19', '6'),
(271, '20040616', '83', '19', '6'),
(272, '20050429', '83', '19', '6'),
(273, '20040330', '97', '19', '6'),
(274, '20040712', '97', '19', '6'),
(275, '20050516', '97', '19', '6'),
(276, '20030707', '122', '19', '6'),
(277, '20031111', '122', '19', '6'),
(278, '20041216', '122', '19', '6'),
(279, '20050401', '122', '19', '6'),
(280, '20031006', '29', '16', '7'),
(281, '20040930', '29', '16', '7'),
(282, '20050209', '29', '16', '7'),
(283, '20030318', '30', '16', '7'),
(284, '20041014', '30', '16', '7'),
(285, '20041117', '30', '16', '7'),
(286, '20040601', '33', '16', '7'),
(287, '20031006', '33', '16', '7'),
(288, '20050408', '33', '16', '7'),
(289, '20040320', '47', '16', '7'),
(290, '20041101', '47', '16', '7'),
(291, '20030921', '65', '16', '7'),
(292, '20040412', '65', '16', '7'),
(293, '20050131', '65', '16', '7'),
(294, '20030612', '71', '16', '7'),
(295, '20031106', '71', '16', '7'),
(296, '20041203', '71', '16', '7'),
(297, '20030801', '74', '16', '7'),
(298, '20040505', '74', '16', '7'),
(299, '20050106', '74', '16', '7'),
(300, '20031114', '120', '16', '7'),
(301, '20040122', '120', '16', '7'),
(302, '20030129', '5', '17', '7'),
(303, '20031010', '5', '17', '7'),
(304, '20041015', '5', '17', '7'),
(305, '20041105', '5', '17', '7'),
(306, '20030109', '8', '17', '7'),
(307, '20040315', '8', '17', '7'),
(308, '20031004', '8', '17', '7'),
(309, '20041105', '8', '17', '7'),
(310, '20030324', '12', '17', '7'),
(311, '20041103', '12', '17', '7'),
(312, '20041109', '12', '17', '7'),
(313, '20041119', '12', '17', '7'),
(314, '20031112', '20', '17', '7'),
(315, '20031118', '20', '17', '7'),
(316, '20040903', '20', '17', '7'),
(317, '20040212', '31', '17', '7'),
(318, '20040916', '31', '17', '7'),
(319, '20031120', '53', '17', '7'),
(320, '20041016', '53', '17', '7'),
(321, '20040821', '62', '17', '7'),
(322, '20031005', '62', '17', '7'),
(323, '20040915', '98', '17', '7'),
(324, '20031023', '102', '17', '7'),
(325, '20040908', '102', '17', '7'),
(326, '20050303', '102', '17', '7');

--
-- Indexes for dumped tables
--

--
-- Indexes for table `dimensi_customer`
--
ALTER TABLE `dimensi_customer`
  ADD PRIMARY KEY (`id`);

--
-- Indexes for table `dimensi_kantor`
--
ALTER TABLE `dimensi_kantor`
  ADD PRIMARY KEY (`id`);

--
-- Indexes for table `dimensi_karyawan`
--
ALTER TABLE `dimensi_karyawan`
  ADD PRIMARY KEY (`id`);

--
-- Indexes for table `dimensi_waktu`
--
ALTER TABLE `dimensi_waktu`
  ADD PRIMARY KEY (`id`);

--
-- Indexes for table `fakta`
--
ALTER TABLE `fakta`
  ADD PRIMARY KEY (`id`);
COMMIT;

/*!40101 SET CHARACTER_SET_CLIENT=@OLD_CHARACTER_SET_CLIENT */;
/*!40101 SET CHARACTER_SET_RESULTS=@OLD_CHARACTER_SET_RESULTS */;
/*!40101 SET COLLATION_CONNECTION=@OLD_COLLATION_CONNECTION */;
